{"cameraMode":{"drawMode":0,"name":"Shaded","section":"Shading Mode"},"sceneLighting":true,"audioPlay":false,"sceneViewState":{"m_AlwaysRefresh":false,"showFog":true,"showSkybox":true,"showFlares":true,"showImageEffects":true,"showParticleSystems":true,"showVisualEffectGraphs":true,"m_FxEnabled":true},"in2DMode":false,"pivot":{"x":12.359155654907227,"y":-1.8472341299057007,"z":17.64495277404785},"rotation":{"x":-0.482314795255661,"y":-0.018133709207177163,"z":0.009986549615859986,"w":-0.8757602572441101},"size":20.000001907348634,"orthographic":false}