{"cameraMode":{"drawMode":0,"name":"Shaded","section":"Shading Mode"},"sceneLighting":false,"audioPlay":false,"sceneViewState":{"m_AlwaysRefresh":false,"showFog":true,"showSkybox":false,"showFlares":true,"showImageEffects":true,"showParticleSystems":true,"showVisualEffectGraphs":true,"m_FxEnabled":true},"in2DMode":false,"pivot":{"x":0.3135125935077667,"y":-1.2064322233200074,"z":-0.5005868077278137},"rotation":{"x":-0.4601978063583374,"y":-0.004536200314760208,"z":0.0023399926722049715,"w":-0.8878352642059326},"size":3.6314005851745607,"orthographic":false}