{"cameraMode":{"drawMode":0,"name":"Shaded","section":"Shading Mode"},"sceneLighting":false,"audioPlay":false,"sceneViewState":{"m_AlwaysRefresh":false,"showFog":true,"showSkybox":false,"showFlares":true,"showImageEffects":true,"showParticleSystems":true,"showVisualEffectGraphs":true,"m_FxEnabled":true},"in2DMode":false,"pivot":{"x":0.6322842240333557,"y":-0.17364710569381715,"z":0.6878969669342041},"rotation":{"x":-0.3140026926994324,"y":-0.04697417467832565,"z":0.015556550584733487,"w":-0.9481369853019714},"size":4.026865005493164,"orthographic":false}